--Student
Insert into Student values ('HE01','Le Khac Minh Hieu','2002-11-23','hieulkm1@fpt.edu.vn','True')
Insert into Student values ('HE02','Truong Hoang Minh','2002-12-24','minhth2@fpt.edu.vn','True')
Insert into Student values ('HE03','Luong Trieu Hai','2002-12-1','hailt3@fpt.edu.vn','True')
Insert into Student values ('HE04','Le Thi Tuyet','2002-11-23','tuyetlt4@fpt.edu.vn','False')
Insert into Student values ('HE05','Nguyen Thi Dieu','2003-10-18','dieunt5@fpt.edu.vn','False')
Insert into Student values ('HE06','Nguyen Minh Tuan','2002-06-21','tuannm6@fpt.edu.vn','True')
Insert into Student values ('HE07','Ha Duy Phuc','2001-2-18','phuchd7@fpt.edu.vn','True')

select*from Student


--Lectures
Insert into Lectures values ('T01','1976-12-13','Le Hoang Son','sonlht2@fpt.edu.vn','True')
Insert into Lectures values ('T02','1980-4-16','Nguyen Thi Hoa','hoantt3@fpt.edu.vn','False')
Insert into Lectures values ('T03','1988-5-8','Nguyen Thi Thuong Tu','tunttt4@fpt.edu.vn','False')
Insert into Lectures values ('T04','1988-5-1','Ngo Tung Son','sonnt5@fpt.edu.vn', 'True')
select*from Lectures

--Subject
Insert into [Subject] values ('DBI202','Introduction to Databases')
Insert into [Subject] values ('CSD201','Data Structures and Algorithms')
Insert into [Subject] values ('JPD113','Elementary Japanese 1-A1.1')
Insert into [Subject] values ('LAB211','OOP with Java Lab')
select*from [Subject]
--Semester
Insert into Semester values ('SP22','Spring2022','2022-01-20','2022-4-3')
--Group
Insert into [Group] values ('IA1604-DBI','DBI202','SP22')
Insert into [Group] values ('IA1604-CSD','CSD201','SP22')
Insert into [Group] values ('IA1604-JPD','JPD113','SP22')
Insert into [Group] values ('IA1604-LAB','LAB211','SP22')
--Student-Group
Insert into [Student_Group] values ('HE01','IA1604-DBI')
Insert into [Student_Group] values ('HE01','IA1604-CSD')
Insert into [Student_Group] values ('HE01','IA1604-JPD')
Insert into [Student_Group] values ('HE01','IA1604-LAB')
Insert into [Student_Group] values ('HE02','IA1604-DBI')
Insert into [Student_Group] values ('HE02','IA1604-CSD')
Insert into [Student_Group] values ('HE02','IA1604-JPD')
Insert into [Student_Group] values ('HE02','IA1604-LAB')
Insert into [Student_Group] values ('HE03','IA1604-DBI')
Insert into [Student_Group] values ('HE03','IA1604-CSD')
Insert into [Student_Group] values ('HE03','IA1604-JPD')
Insert into [Student_Group] values ('HE03','IA1604-LAB')
Insert into [Student_Group] values ('HE04','IA1604-DBI')
Insert into [Student_Group] values ('HE04','IA1604-CSD')
Insert into [Student_Group] values ('HE04','IA1604-JPD')
Insert into [Student_Group] values ('HE04','IA1604-LAB')
Insert into [Student_Group] values ('HE05','IA1604-DBI')
Insert into [Student_Group] values ('HE05','IA1604-CSD')
Insert into [Student_Group] values ('HE05','IA1604-JPD')
Insert into [Student_Group] values ('HE05','IA1604-LAB')
Insert into [Student_Group] values ('HE06','IA1604-DBI')
Insert into [Student_Group] values ('HE06','IA1604-CSD')
Insert into [Student_Group] values ('HE06','IA1604-JPD')
Insert into [Student_Group] values ('HE06','IA1604-LAB')
Insert into [Student_Group] values ('HE07','IA1604-DBI')
Insert into [Student_Group] values ('HE07','IA1604-CSD')
Insert into [Student_Group] values ('HE07','IA1604-JPD')
Insert into [Student_Group] values ('HE07','IA1604-LAB')
--Lectures-Group
Insert into [Lectures_Group] values ('T01','IA1604-LAB')
Insert into [Lectures_Group] values ('T02','IA1604-JPD')
Insert into [Lectures_Group] values ('T03','IA1604-CSD')
Insert into [Lectures_Group] values ('T04','IA1604-DBI')
--Category
Insert into [Category] values ('PT1-DBI','Quiz1','1','0.2','0','DBI202')
Insert into [Category] values ('PT2-DBI','Quiz2','1','0.2','0','DBI202')
Insert into [Category] values ('Ass-DBI','Assignment','1','0.3','0','DBI202')
Insert into [Category] values ('FE','Final Exam','1','0.3','0','DBI202')

Insert into [Category] values ('PT1-CSD','Quiz1','1','0.2','0','CSD201')
Insert into [Category] values ('PT2-CSD','Quiz2','1','0.2','0','CSD201')
Insert into [Category] values ('Ass-CSD','Assignment','1','0.3','0','CSD201')
Insert into [Category] values ('FE-CSD','Final Exam','1','0.3','0','CSD201')

Insert into [Category] values ('PT1-JPD','Quiz1','1','0.2','0','JPD113')
Insert into [Category] values ('PT2-JPD','Quiz2','1','0.2','0','JPD113')
Insert into [Category] values ('Ass-JPD','Assignment','1','0.3','0','JPD113')
Insert into [Category] values ('FE-JPD','Final Exam','1','0.3','0','JPD113')

Insert into [Category] values ('Loc-LAB','Loc','1','1','750','LAB211')

Select *from Category

--Assesment
Insert into [Assessment] values ('HE01','PT1-DBI',9)
Insert into [Assessment] values ('HE01','PT2-DBI',8)
Insert into [Assessment] values ('HE01','Ass-DBI',7.5)
Insert into [Assessment] values ('HE01','FE',7)
Insert into [Assessment] values ('HE01','PT1-CSD',7)
Insert into [Assessment] values ('HE01','PT2-CSD',5)
Insert into [Assessment] values ('HE01','Ass-CSD',8.5)
Insert into [Assessment] values ('HE01','FE-CSD',9)
Insert into [Assessment] values ('HE01','PT1-JPD',8)
Insert into [Assessment] values ('HE01','PT2-JPD',8.5)
Insert into [Assessment] values ('HE01','Ass-JPD',6.5)
Insert into [Assessment] values ('HE01','FE-JPD',6)
Insert into [Assessment] values ('HE01','Loc-LAB',760)

Insert into [Assessment] values ('HE02','PT1-DBI',7)
Insert into [Assessment] values ('HE02','PT2-DBI',8.5)
Insert into [Assessment] values ('HE02','Ass-DBI',5.5)
Insert into [Assessment] values ('HE02','FE',7.5)
Insert into [Assessment] values ('HE02','PT1-CSD',5)
Insert into [Assessment] values ('HE02','PT2-CSD',6)
Insert into [Assessment] values ('HE02','Ass-CSD',8.5)
Insert into [Assessment] values ('HE02','FE-CSD',6.5)
Insert into [Assessment] values ('HE02','PT1-JPD',5)
Insert into [Assessment] values ('HE02','PT2-JPD',7.5)
Insert into [Assessment] values ('HE02','Ass-JPD',6.5)
Insert into [Assessment] values ('HE02','FE-JPD',6.5)
Insert into [Assessment] values ('HE02','Loc-LAB',550)

Insert into [Assessment] values ('HE03','PT1-DBI',9.5)
Insert into [Assessment] values ('HE03','PT2-DBI',10)
Insert into [Assessment] values ('HE03','Ass-DBI',8)
Insert into [Assessment] values ('HE03','FE',9)
Insert into [Assessment] values ('HE03','PT1-CSD',7.5)
Insert into [Assessment] values ('HE03','PT2-CSD',8.5)
Insert into [Assessment] values ('HE03','Ass-CSD',9.5)
Insert into [Assessment] values ('HE03','FE-CSD',8)
Insert into [Assessment] values ('HE03','PT1-JPD',9)
Insert into [Assessment] values ('HE03','PT2-JPD',9.5)
Insert into [Assessment] values ('HE03','Ass-JPD',10)
Insert into [Assessment] values ('HE03','FE-JPD',7.5)
Insert into [Assessment] values ('HE03','Loc-LAB',800)

Insert into [Assessment] values ('HE04','PT1-DBI',4)
Insert into [Assessment] values ('HE04','PT2-DBI',6.5)
Insert into [Assessment] values ('HE04','Ass-DBI',5.5)
Insert into [Assessment] values ('HE04','FE',6)
Insert into [Assessment] values ('HE04','PT1-CSD',7.5)
Insert into [Assessment] values ('HE04','PT2-CSD',6.5)
Insert into [Assessment] values ('HE04','Ass-CSD',7.5)
Insert into [Assessment] values ('HE04','FE-CSD',6.5)
Insert into [Assessment] values ('HE04','PT1-JPD',4)
Insert into [Assessment] values ('HE04','PT2-JPD',3.5)
Insert into [Assessment] values ('HE04','Ass-JPD',2.5)
Insert into [Assessment] values ('HE04','FE-JPD',6)
Insert into [Assessment] values ('HE04','Loc-LAB',300)

Insert into [Assessment] values ('HE05','PT1-DBI',7.5)
Insert into [Assessment] values ('HE05','PT2-DBI',8.5)
Insert into [Assessment] values ('HE05','Ass-DBI',9.5)
Insert into [Assessment] values ('HE05','FE',7)
Insert into [Assessment] values ('HE05','PT1-CSD',5.5)
Insert into [Assessment] values ('HE05','PT2-CSD',6.5)
Insert into [Assessment] values ('HE05','Ass-CSD',7)
Insert into [Assessment] values ('HE05','FE-CSD',7.5)
Insert into [Assessment] values ('HE05','PT1-JPD',5)
Insert into [Assessment] values ('HE05','PT2-JPD',6)
Insert into [Assessment] values ('HE05','Ass-JPD',8.5)
Insert into [Assessment] values ('HE05','FE-JPD',6.5)
Insert into [Assessment] values ('HE05','Loc-LAB',530)

Insert into [Assessment] values ('HE06','PT1-DBI',6.5)
Insert into [Assessment] values ('HE06','PT2-DBI',0)
Insert into [Assessment] values ('HE06','Ass-DBI',7.5)
Insert into [Assessment] values ('HE06','FE',7.5)
Insert into [Assessment] values ('HE06','PT1-CSD',6.5)
Insert into [Assessment] values ('HE06','PT2-CSD',8)
Insert into [Assessment] values ('HE06','Ass-CSD',7.5)
Insert into [Assessment] values ('HE06','FE-CSD',9)
Insert into [Assessment] values ('HE06','PT1-JPD',5.5)
Insert into [Assessment] values ('HE06','PT2-JPD',8)
Insert into [Assessment] values ('HE06','Ass-JPD',7.5)
Insert into [Assessment] values ('HE06','FE-JPD',7)
Insert into [Assessment] values ('HE06','Loc-LAB',710)

Insert into [Assessment] values ('HE07','PT1-DBI',6)
Insert into [Assessment] values ('HE07','PT2-DBI',8)
Insert into [Assessment] values ('HE07','Ass-DBI',9.5)
Insert into [Assessment] values ('HE07','FE',7.5)
Insert into [Assessment] values ('HE07','PT1-CSD',10)
Insert into [Assessment] values ('HE07','PT2-CSD',7.5)
Insert into [Assessment] values ('HE07','Ass-CSD',8)
Insert into [Assessment] values ('HE07','FE-CSD',7)
Insert into [Assessment] values ('HE07','PT1-JPD',4.5)
Insert into [Assessment] values ('HE07','PT2-JPD',7)
Insert into [Assessment] values ('HE07','Ass-JPD',7.5)
Insert into [Assessment] values ('HE07','FE-JPD',7)
Insert into [Assessment] values ('HE07','Loc-LAB',400)